{
	"OnOffnumber":[
		2,
		4,
		6,
		8,
		12,
		16,
		20,
		24,
		28,
		32,
		40,
		48,
		56,
		68,
		80,
		92,
		100,
		110,
		130,
		170,
		210,
		270,
		360,
		500
	],
	"OddNumProb":[
		9.055040885410047e-2,
		8.801823650100027e-2,
		7.462983973637283e-2,
		6.466673460503379e-2,
		5.186742953810027e-2,
		4.3717e-2,
		3.796e-2,
		3.363e-2,
		3.02e-2,
		2.7499e-2,
		2.3318e-2,
		2.0266e-2,
		1.793e-2,
		1.5299e-2,
		1.3345e-2,
		1.1836e-2,
		1.1e-2,
		1.0122e-2,
		8.72e-3,
		6.8297e-3,
		5.613e-3,
		4.43e-3,
		3.366e-3,
		2.45e-3
	],
	"OddNumProbLoss":[
		0.132,
		0.1105,
		9.46e-2,
		8.48e-2,
		7.297e-2,
		6.59e-2,
		6.12e-2,
		5.78e-2,
		5.523e-2,
		5.31e-2,
		5.01e-2,
		4.8e-2,
		4.639e-2,
		4.46e-2,
		4.33e-2,
		4.23e-2,
		4.179e-2,
		4.12e-2,
		4.03e-2,
		3.912e-2,
		3.83e-2,
		3.76e-2,
		3.695e-2,
		3.638e-2
	]
}